<?xml version="1.0" encoding="UTF-8"?>

<mule xmlns:dw="http://www.mulesoft.org/schema/mule/ee/dw" xmlns:metadata="http://www.mulesoft.org/schema/mule/metadata" xmlns:json="http://www.mulesoft.org/schema/mule/json" xmlns:http="http://www.mulesoft.org/schema/mule/http" xmlns:sfdc="http://www.mulesoft.org/schema/mule/sfdc" xmlns:tracking="http://www.mulesoft.org/schema/mule/ee/tracking" xmlns="http://www.mulesoft.org/schema/mule/core" xmlns:doc="http://www.mulesoft.org/schema/mule/documentation"
	xmlns:spring="http://www.springframework.org/schema/beans" 
	xmlns:xsi="http://www.w3.org/2001/XMLSchema-instance"
	xsi:schemaLocation="http://www.springframework.org/schema/beans http://www.springframework.org/schema/beans/spring-beans-current.xsd
http://www.mulesoft.org/schema/mule/core http://www.mulesoft.org/schema/mule/core/current/mule.xsd
http://www.mulesoft.org/schema/mule/http http://www.mulesoft.org/schema/mule/http/current/mule-http.xsd
http://www.mulesoft.org/schema/mule/sfdc http://www.mulesoft.org/schema/mule/sfdc/current/mule-sfdc.xsd
http://www.mulesoft.org/schema/mule/ee/tracking http://www.mulesoft.org/schema/mule/ee/tracking/current/mule-tracking-ee.xsd
http://www.mulesoft.org/schema/mule/json http://www.mulesoft.org/schema/mule/json/current/mule-json.xsd
http://www.mulesoft.org/schema/mule/ee/dw http://www.mulesoft.org/schema/mule/ee/dw/current/dw.xsd">
    <http:listener-config name="HTTP_Listener_Configuration" host="0.0.0.0" port="8081" doc:name="HTTP Listener Configuration"/>
    <sfdc:config name="Salesforce__Basic_Authentication" username="" password="" disableSessionInvalidation="true" doc:name="Salesforce: Basic Authentication"/>
    <flow name="crud-applicationFlow">
        <http:listener config-ref="HTTP_Listener_Configuration" path="contacts/{action}/{*}" allowedMethods="POST,GET" doc:name="HTTP"/>
        <set-variable variableName="email" value="#[message.inboundProperties.'http.uri.params'.Email ]" doc:name="Variable"/>
        <set-variable variableName="action" value="#[message.inboundProperties.'http.uri.params'.action]" doc:name="Variable"/>
        <choice doc:name="Choice">
            <when expression="#[flowVars.action=='select']">
                <sfdc:query config-ref="Salesforce__Basic_Authentication" query="dsql:SELECT Email,FirstName,LastName FROM Contact" doc:name="Salesforce"/>
                <json:object-to-json-transformer doc:name="Object to JSON"/>
            </when>
            <when expression="#[flowVars.action=='insert']">
                <dw:transform-message doc:name="Transform Message">
                    <dw:set-payload><![CDATA[%dw 1.0
%output application/java
---
payload map
{
	Email: $.Email,
	FirstName: $.FirstName ,
	LastName: $.LastName
	
}]]></dw:set-payload>
                </dw:transform-message>
                <sfdc:create config-ref="Salesforce__Basic_Authentication" type="Contact" doc:name="Salesforce">
                    <sfdc:objects ref="#[payload]"/>
                </sfdc:create>
                <set-payload value="Contacts Added Successfully" doc:name="Set Payload"/>
            </when>
            <when expression="#[flowVars.action=='update']">
                <dw:transform-message doc:name="Transform Message">
                    <dw:set-payload><![CDATA[%dw 1.0
%output application/java
---
payload map
{
	Email: $.Email,
	FirstName: $.FirstName ,
	LastName: $.LastName
	
}]]></dw:set-payload>
                </dw:transform-message>
                <sfdc:update config-ref="Salesforce__Basic_Authentication" type="Contact" doc:name="Salesforce">
                    <sfdc:objects ref="#[payload]"/>
                </sfdc:update>
                <set-payload value="Contact Updated Successfully" doc:name="Set Payload"/>
            </when>
            <otherwise>
                <set-payload value="Inappropriate selection" doc:name="Set Payload"/>
            </otherwise>
        </choice>
    </flow>
</mule>
