[
        {
            "Email": "saeed@gmail.com",
            "FirstName": "monis",
            "Id": null,
            "LastName": "saeed",
            "type": "Contact"
        },
        {
            "Email": "saeed@gmail.com",
            "FirstName": "Monis",
            "Id": null,
            "LastName": "Saeed",
            "type": "Contact"
        },
        {
            "Email": "saeed@gmail.com",
            "FirstName": "Monis",
            "Id": null,
            "LastName": "Saeed",
            "type": "Contact"
        },
        {
            "Email": "saeed@gmail.com",
            "FirstName": "Saeed",
            "Id": null,
            "LastName": "Monis",
            "type": "Contact"
        }
    ]